Block Number,Previous Hash,Calculated Hash,IPFS CID
1,0000000000000000000000000000000000000000000000000000000000000000,5a8c8b04fc43a5e57331396171c9f2a72527db25f65ca2f9b87de002d5d9e6b0,Qmb5EJUKj6Yg9mPVLwyqVVV7mnHxEHvKuEq15PqoJQs9Uu
2,5a8c8b04fc43a5e57331396171c9f2a72527db25f65ca2f9b87de002d5d9e6b0,a63fa058d8959e4085f00b823b581aeae1dfe9db171b89e219dd4368ed509f12,QmbxnX48QfTL2wnRmBRee8u8FsQiy3k7C2MGp1RKYg7t4A
3,a63fa058d8959e4085f00b823b581aeae1dfe9db171b89e219dd4368ed509f12,0e1a76f4b3c2497b5cc7f86c1ebe436f05ddeeae0f989395d16285d8171eb530,QmVSGCcPujA7HcaZRZGuApeyagkYoXfDTkSKF5PoXmUhgE
4,0e1a76f4b3c2497b5cc7f86c1ebe436f05ddeeae0f989395d16285d8171eb530,b733253e7fa4df9bf8bbf2a8c08090867c3cd2b9142041ca2ca3bfe8191888da,QmYVp5gLpnF3Lwn6pxSMEGTiqC8wddfUwmTtk1VeyeqsPJ
5,b733253e7fa4df9bf8bbf2a8c08090867c3cd2b9142041ca2ca3bfe8191888da,92be594d3105791d6b4994e99785a659f767e8d6f9fb1d465aaba753fb01b1d1,QmaBhZYbfwjn4uDcDXNrUwACLM9gc6ZVwKef47KCwgPDt6
6,92be594d3105791d6b4994e99785a659f767e8d6f9fb1d465aaba753fb01b1d1,306610cec253c66fe3b52fc196c17c3b85f5149529996850e236fddd66eb7170,QmWk389dCNPQfXHnqo7PZKNU2tb3Rt2bdpULJ6yT7cgTho
7,306610cec253c66fe3b52fc196c17c3b85f5149529996850e236fddd66eb7170,9303fa6cfdd4fdd1591a815484a449add1326c56d76edde7edad2607e62a3e58,QmVXgKuDk3UxUNgjdxYBSNuuMhDcs3DPnvk1aLCyegsg1a
8,9303fa6cfdd4fdd1591a815484a449add1326c56d76edde7edad2607e62a3e58,d5151f6981c9e1fbafe08cc664be5a500e28edd4bc7db13b6df1968806125c5b,QmYathHwxPaH63CAqwcP2zjpFUb7DdZ8v2yi9h6situvw6
9,d5151f6981c9e1fbafe08cc664be5a500e28edd4bc7db13b6df1968806125c5b,34572bfaef4961e2c5deef54997dcff1205b8b1a4b59aaf28477b413c46a5fe2,QmesKjJNpW3E366jY938ZEgPdYrcefzEKcXHFh4gYFCDMj
10,34572bfaef4961e2c5deef54997dcff1205b8b1a4b59aaf28477b413c46a5fe2,9f39fe0d9d5d57bed4e5244d8d7c2037b75c02b75e66dbf32dd98a434c1244d9,QmUfMqj6JnzWKR5NcPmW2uWhsPrf1gCoHhCLV1zzuTrUzX
11,9f39fe0d9d5d57bed4e5244d8d7c2037b75c02b75e66dbf32dd98a434c1244d9,63334c085914ca73d4fa824a53c2066be7e61f9953a227cb19d00732c98245b5,QmUrpbetGKGfSZXocTPbZypGsCREZTbDSkB9J53TL8UYTj
12,63334c085914ca73d4fa824a53c2066be7e61f9953a227cb19d00732c98245b5,ed9c8a56236953c769fda382cbc6f0a20133b2dc616242028fa6f7eac12cdfcc,QmNyxBha6fGDo9qV8kGyu2MSbsA8SMg9p49y8KvzPm9rzh
13,ed9c8a56236953c769fda382cbc6f0a20133b2dc616242028fa6f7eac12cdfcc,66ccf007edb2f8516b80394c0be90876333017ca78041e7771edead8298c0a3f,QmThYtyo2roHpca1NSS45FGACfCTGTJmtS5EVi4HJZMjjs
14,66ccf007edb2f8516b80394c0be90876333017ca78041e7771edead8298c0a3f,f233fa0eddc1cf158d9a8b3f4e4825bc50f53b2e1c8537ac1ce686056886e1bf,QmdW7e6KXStrWLzhN2LSSKtxng5vPLWRkgPeNMV1Uiak9B
15,f233fa0eddc1cf158d9a8b3f4e4825bc50f53b2e1c8537ac1ce686056886e1bf,d8cbc2ea64d123a47e3c607b0b9b5ba0ba0aff7de01a806cad279f7c6066e471,QmaZfeX7YoEEnVmCpicGgcnvpDH6wsRrJVamAcwuREdvd9
16,d8cbc2ea64d123a47e3c607b0b9b5ba0ba0aff7de01a806cad279f7c6066e471,8a05ce8293b38802a906efe29cbfe75d4f688506a7882846eb86aa2522ed1103,QmU2qdT6mWvFj2kpVZLV7dZUdyJxu7g7T8xuAnQmV66x3y
17,8a05ce8293b38802a906efe29cbfe75d4f688506a7882846eb86aa2522ed1103,35281c7c59d9f89df21ad0f2d928030dc594d349d955bfb09c47795b2aa71d34,QmQRuUUcAwoGy1LEwSMVMUHaLPmHP86Ygrn3x2iMhZfGX2
18,35281c7c59d9f89df21ad0f2d928030dc594d349d955bfb09c47795b2aa71d34,5933beac55cdc4ab178555051ec12a2e647ca353df75cc8332572792c9a0619d,QmUrkNMwVqdvAEPdUoWs6F6d3zcQNkRoAodAgTkeyqoEqf
19,5933beac55cdc4ab178555051ec12a2e647ca353df75cc8332572792c9a0619d,52d265af56c95a035ffbde15101d6891f264e8e53328fdebd7a198fa852d239d,QmVoem6tiazdGZx9yHMahnJQZB25GwWB11cjrVG8mW6PKh
20,52d265af56c95a035ffbde15101d6891f264e8e53328fdebd7a198fa852d239d,0f16d1d1535c44d47e3482dce721a45812aaccada585fb313101010077075d32,QmbUSipWGLFQVLJBr7QureEBiLgh1Ke3KZcf8wSkmVay6M
21,0f16d1d1535c44d47e3482dce721a45812aaccada585fb313101010077075d32,acbda8ca449e36cf55e8b407d4d0a8ce3fdfed7d515fe58c2b7e14beb3ee66d6,QmRNWZ3BPwdD9b6MPcgWbesW6vBJsZ4EcYZPfm5VTSwKzU
22,acbda8ca449e36cf55e8b407d4d0a8ce3fdfed7d515fe58c2b7e14beb3ee66d6,5835e90fef41655ed0a9d1e3f1ce6a865890f68968e9fe909644bf741b771986,QmQ8ZVKqA29jG71TWJb2ZhGxsbWFpNnD8CaQHu1DdVGFNK
23,5835e90fef41655ed0a9d1e3f1ce6a865890f68968e9fe909644bf741b771986,90cc75eb576be6bc66f26d54b0a69e4456dcc3ffbfa543c0f643306069feb5b4,QmbHK2aLBpt9sgkJ5MZ9GtRAVN29JCDQ2gcfKSRXtB7od3
24,90cc75eb576be6bc66f26d54b0a69e4456dcc3ffbfa543c0f643306069feb5b4,9453b2c87c1c73f841c9a74aba800b3d2973f2be54ab12b640e57e5430a7ad81,QmT23pamHj49kKp1qTR4i1TF5CwbQX1WM9bZa7gt7JyeFL
25,9453b2c87c1c73f841c9a74aba800b3d2973f2be54ab12b640e57e5430a7ad81,b2a13fe8e4c63aa4117c17dd490668e95e7a2fb2f964e163bf311ec0f199aaef,QmPn6khdLUkFqiainPJpgoTd9NtMMJ18EkQ2bYZMqn6dHf
26,b2a13fe8e4c63aa4117c17dd490668e95e7a2fb2f964e163bf311ec0f199aaef,109cf0eb65eae76ef152b2eb6810608225c46ee842d2d84c728984cdc8a6918d,QmVK8QDYtEUE5cdYU7za2CAt8e2uKMuWinYy8ZvPvJTcrZ
27,109cf0eb65eae76ef152b2eb6810608225c46ee842d2d84c728984cdc8a6918d,434205d690c271bfa87121a8a34ba3bf52b02eb4c017d067678d316d2d28bc0d,QmVrwidvFquAotm2BhGefCB9GCSY7AXfVSoiywZQFqs8BL
28,434205d690c271bfa87121a8a34ba3bf52b02eb4c017d067678d316d2d28bc0d,4e022ecdc12659f78cdcf0233d0eeab6c66dd5d6aa137e25ab920a522a7d301b,QmS98TCS3EsW92DeVu1WfYwnUDzQCWiJ29JKMfTnNgoXfb
29,4e022ecdc12659f78cdcf0233d0eeab6c66dd5d6aa137e25ab920a522a7d301b,a9dbaf8015c4b7ebd6d386767c83c4517dba24801d128a4adea8e8104edb177a,Qma8LSLoMnuDz6atM1TkUR4SoH8kJBcHvSpYXRCHNq4Jjb
30,a9dbaf8015c4b7ebd6d386767c83c4517dba24801d128a4adea8e8104edb177a,34e120eaffb0b8a1a78c677993ca8e326ce23c6e972b949c898359a8b0a0ba37,QmaD2tnyihFZ8MqNDZz7q8Smpd9G7HoTXVr2MaSAQHnLqd
31,34e120eaffb0b8a1a78c677993ca8e326ce23c6e972b949c898359a8b0a0ba37,8895b7a7e32b2eb8ab49ed46495b5a61dbb5c9f4fc05d18c4df321d12aed108d,QmRRKhadeLYoPFHVrLopn2FZT3VSp2NrrUS3X5YpPfHiZv
32,8895b7a7e32b2eb8ab49ed46495b5a61dbb5c9f4fc05d18c4df321d12aed108d,67caa681436a9748b482f37a51b437153618a0296d08074e06b33b1b144050cc,QmcfQy3P8FUBps6UjaqicKK5VrFLGjsZxzMyenkHyJQiot
33,67caa681436a9748b482f37a51b437153618a0296d08074e06b33b1b144050cc,8255e49020a3a9ee18d8e3ec39266f878d109fd780cffc1a42a15855445c83f6,QmQ7VormfSf6qFS3k9MnB8vS992DhCxCDA5XRxthxt7iqS
34,8255e49020a3a9ee18d8e3ec39266f878d109fd780cffc1a42a15855445c83f6,01a5c2aca1f3fd53a66470c3b9945c078a99087fecceb277955b181788c3515d,QmWU3Jr5U2ULqezuKP3sUDqho2ZJMejA9NWwe5yCefv8Nv
35,01a5c2aca1f3fd53a66470c3b9945c078a99087fecceb277955b181788c3515d,229da51e5f486414ff5fe0dd6c7002812f9ecb8c0bdd50977dfb7d1726699bab,QmZPwfU2oxyqXQCuzHehWb3i3t4Usqx7di64gKt7DNYkHV
36,229da51e5f486414ff5fe0dd6c7002812f9ecb8c0bdd50977dfb7d1726699bab,6346ac6944e109358f52084919f5d20a38e62ee6cb874d0b6a08acde554e98a5,QmSdwLrmLaJvv45FY4Zz86GgpZkJj89VNkryH5VTB71pG6
37,6346ac6944e109358f52084919f5d20a38e62ee6cb874d0b6a08acde554e98a5,6e459203166bf087efd1820ff114f7494f141f6da8d4aea98b9be8cc31dc5b31,QmPtg7mJKxR9SwKPTLzft7KgPVy2J6xCgQK4j6mYxrBi3R
38,6e459203166bf087efd1820ff114f7494f141f6da8d4aea98b9be8cc31dc5b31,c55a5ecb2383faa0514110428c7813d4bb4d8e32dfba2218084f894053b659ec,QmU7uTvmLT4xaBb3qpXxEqebyLizSY4u4HW5i797EBDeko
39,c55a5ecb2383faa0514110428c7813d4bb4d8e32dfba2218084f894053b659ec,7c682b9ef17229e7ee69f63b13ca3f1e951bae3907016a5cf8ebe1b36bb6368e,QmWBeMsUwmxXsxBNRpnX9YoD4YpVyt2ZgoxFguGkPQGdM7
40,7c682b9ef17229e7ee69f63b13ca3f1e951bae3907016a5cf8ebe1b36bb6368e,c5ebede61042914180a4a5e4ca6f0ff65dbe4c0d393a37fa368665d4b73052bc,QmbDpjgieegBYaH38ZzjSYSfNTKchHbP6hnNADvwtRcQgA
41,c5ebede61042914180a4a5e4ca6f0ff65dbe4c0d393a37fa368665d4b73052bc,867b3efa5702dbf6038b2e562cd2a4d02ef3b7d3baf65d8dfd2ae126d6b65fe0,QmbFDGdfPqtS2XEBQATi5PVAjgTbG7x7et6PQptWVfpd6s
42,867b3efa5702dbf6038b2e562cd2a4d02ef3b7d3baf65d8dfd2ae126d6b65fe0,37c613e158c08a325c5af0098c1de17ebe73f920b719e55bb2f693c51cce3e37,QmVs2c2LNHszqpmVe26H6NzEP8am5TfLc8krXXxYpv4r6R
43,37c613e158c08a325c5af0098c1de17ebe73f920b719e55bb2f693c51cce3e37,83108476b11bfcb91054e1e8d22071a04f90969b7a96e1bd3e78f0403a85dabb,QmfUDG7PNtmmTXKFmDvJXzXNekKs4MRuvJwjxrDRb5Uh3B
44,83108476b11bfcb91054e1e8d22071a04f90969b7a96e1bd3e78f0403a85dabb,9986cbffbd468b9dd23e6db2cf304ede317d0b829ba064579fa33f15d076adfe,QmW89NcjHk6pZ5MRnqSbHJTk3bte7qbCr7CquLtYTxBCZn
45,9986cbffbd468b9dd23e6db2cf304ede317d0b829ba064579fa33f15d076adfe,cc3a0d423d4571078c7d5804582c36bd2291729eb4bc475b89166589bd049033,Qma598vKWncxNEn3aU9CdY7jTHAk7CBr45vbqrSLVgWVk7
46,cc3a0d423d4571078c7d5804582c36bd2291729eb4bc475b89166589bd049033,c7caefcfbf63e1d8b4286598697fa5178c3ae9dc71a7044a583dc6f89c3afd37,QmPKxHxNcm3vF8v4HfgKpTKmLfyK4hHo5BRA8mZYA9LgG3
47,c7caefcfbf63e1d8b4286598697fa5178c3ae9dc71a7044a583dc6f89c3afd37,8ac81e2d7c2f8b2b70d027faddf0793fb7403913933fc1c8a874ab8e495da2eb,Qmc27CC4WTcvaoQ2FkNyafHJX3ktUj7DLUDSnkxLyamr6y
48,8ac81e2d7c2f8b2b70d027faddf0793fb7403913933fc1c8a874ab8e495da2eb,015cc9749b31257504c4ea4d7b61154ecd7a6007980cd53fe171a17173ce28a5,QmVBVNZV4mmBwGdw7Hcjyfcyw3wwPBbNqMxjyFkz9n19j2
49,015cc9749b31257504c4ea4d7b61154ecd7a6007980cd53fe171a17173ce28a5,27d36fd10a404408ea475403c1a5b75aa37d82c32bcaf1d0c359e129a6320258,QmZ3udAnntGY9UrxJb8hCf16bgUhghkCX1cRYKDeFMVWpK
50,27d36fd10a404408ea475403c1a5b75aa37d82c32bcaf1d0c359e129a6320258,16d251c38b5ce32fcb6c288f2b84ab9c2822e71760f1bb696f70899b8f8bc385,QmQTS1smdWFPoMkMUUPDeMrDDH2HxY29z5z6XEaMHaEnhN
51,16d251c38b5ce32fcb6c288f2b84ab9c2822e71760f1bb696f70899b8f8bc385,5f45bcb14c425f60bc72b303d875c5f16ed5d432856836681f8162fc2c5b4ced,QmWFfHLTtN3E35xuDGBwynSNBzuoZ1n9xViwQ2Z1JPtMSG
52,5f45bcb14c425f60bc72b303d875c5f16ed5d432856836681f8162fc2c5b4ced,00359532fff4d68675aaf471df1fa28ba2e4b3f6102216ea6f7432f0e9098f75,QmWVaGjHRsaD9GT6WerEkwiDvPtKtVhxtaZPfY4DEd9Ty9
53,00359532fff4d68675aaf471df1fa28ba2e4b3f6102216ea6f7432f0e9098f75,4b842844c6897c01f0c43113530b14e158a9876a7123c00fc58ba0d7c7a5a3fe,QmUe6Zz3sXhx1ebzo2JKyqetvDy87VNpStx489QqBVzoPm
54,4b842844c6897c01f0c43113530b14e158a9876a7123c00fc58ba0d7c7a5a3fe,f877a5ee128ef327d9d8e61cae19780f5c57e0dc6df80dd10ca3e6df5bb22d6d,QmX5DiprLToEurwoCV93SrCfgZSEpYenw7CpsZQ4MA81hX
55,f877a5ee128ef327d9d8e61cae19780f5c57e0dc6df80dd10ca3e6df5bb22d6d,3653ac59411631cbd6c27d1c740be65e3b69b5bca975c4b33d0b984d923a8209,QmT2PmdhCU1f7WjRAFJQ3Q3gskpnCf8JxBXKHM1VKe5L18
56,3653ac59411631cbd6c27d1c740be65e3b69b5bca975c4b33d0b984d923a8209,87cd756a666cbf13749ae6c6d34f9fd1c962a1c925575f29e0af985f0964c86d,QmQAuKhck8SHaydbkdEA3RU3miqeokBsa19A1ZQK6hgdPW
57,87cd756a666cbf13749ae6c6d34f9fd1c962a1c925575f29e0af985f0964c86d,643fa20623ed89d6bf12dfe91d8650741b60ee3de7316f539be7fdf053331cdd,Qmc2UKRDpjiUYBhtdVFmS4NpEMyBpDDRjg67ZJY29QaXgM
58,643fa20623ed89d6bf12dfe91d8650741b60ee3de7316f539be7fdf053331cdd,534cf52b8b4202396408258b67c74bf0d87533ae2e2d6d39e4e49a835720d236,QmYxEVgyXJGmro8p7qQaCAFFJf2AnXoCSEKSG2qEwBZjHQ
59,534cf52b8b4202396408258b67c74bf0d87533ae2e2d6d39e4e49a835720d236,ac2b81022a02d6deb2015b2dac3d12e7526455e058f3d5717067a5c4af0dc8b9,QmaUxkKXXeR8Nk7mJppafuPh5vih4SoZZZ8Gcsw6qtewHB
60,ac2b81022a02d6deb2015b2dac3d12e7526455e058f3d5717067a5c4af0dc8b9,8f65d1950ae5a1723628ad90f23dd072baf4e0628f4bb25e87758094f7511604,QmVzMvvczYRPr4Kwr1cYiEGJBfCwSkgVQwLhHap7ByXuGi
61,8f65d1950ae5a1723628ad90f23dd072baf4e0628f4bb25e87758094f7511604,b5cf9252c075ff4aa6ad9d7e6a4c8659ad14a6f1e45a838b7e40f5b7afbb8fbe,QmbBNA3G43jV3HM7BkhCAqp4QG1nWwHqvpcr8SmXcoEc6p
62,b5cf9252c075ff4aa6ad9d7e6a4c8659ad14a6f1e45a838b7e40f5b7afbb8fbe,be3d47e5528ac4dd490aeed6608fa07d2311f6c1b9232424a033953ecfaa00b4,QmNz1DutJDGs6js7Brx2x2PaH9C6DhNvrNvA6abYheFndZ
63,be3d47e5528ac4dd490aeed6608fa07d2311f6c1b9232424a033953ecfaa00b4,92e64fd93c66bc909ae0a2654d2394d5f48373095dae17644758a78e47315c3e,QmbgniwuQRKFUV4bhjkGpxy4gFRJcniLyeGFGcQMuDLNZz
64,92e64fd93c66bc909ae0a2654d2394d5f48373095dae17644758a78e47315c3e,1019cabc20975b0909c3d2538bf1a15024a5e458ee249c25b3fa7e352ed4aa90,QmNZc5LGL37mLudMAyXohV3pgoGhZbKq44q4hT5LgyZKAa
65,1019cabc20975b0909c3d2538bf1a15024a5e458ee249c25b3fa7e352ed4aa90,6afa5509e94fbf4fcfa8fc0dde73f6d3862ea9bfdab1abcdb1b100630cecc949,Qmb1N668o3HT3fLPk9sGZ2arBKuAE2YK9ovqKH5PP6up69
66,6afa5509e94fbf4fcfa8fc0dde73f6d3862ea9bfdab1abcdb1b100630cecc949,2adafd3b55b45032b27dd7d2946ec0e4562b117da350092de620e87bba05edbe,QmV6ZxQ1FiLY6r59wdsSTqt9LtWueHMuU7mKrGfD6WgQZY
67,2adafd3b55b45032b27dd7d2946ec0e4562b117da350092de620e87bba05edbe,61a5f008de6b49d765a5eafe1975e86392d1154aef6908ce083f3f0f3c22c530,QmQa1rc34zQx7hS7EMyyBgXX81GVyvoaCYQMCgHXE8y5Fs
68,61a5f008de6b49d765a5eafe1975e86392d1154aef6908ce083f3f0f3c22c530,7d555f1007042068d08b8b04897b27a01a486701abd6c160353199dfce941823,QmNgePodsXhAccnTD7RRQSL7iiw6iU4JDKNdEebGB8Uraz
69,7d555f1007042068d08b8b04897b27a01a486701abd6c160353199dfce941823,213bdc8f71b5cbb5d0cff3d10207abc1baa59373bf7418bb997e868e95b3e227,QmXGoPQmu6yPSy81JcqjvmKLbQP9ibzMyKVPSJwb8BV5Hy
70,213bdc8f71b5cbb5d0cff3d10207abc1baa59373bf7418bb997e868e95b3e227,ecaf5b345150e3878800033bec13016b808f15a93b992df270af842351df9ea7,Qmazmjp1DKAuBN8ZNyW3fng426HbFZEkuPgmj4DmgWC8DL
71,ecaf5b345150e3878800033bec13016b808f15a93b992df270af842351df9ea7,097485956a51a25aa84969135ce546fcc879e280c79e2102f72496d3f6b2b178,QmWFTNsra5UseSA6NqEySrhj41eG6UWn5Wfb1cKyDviZFc
72,097485956a51a25aa84969135ce546fcc879e280c79e2102f72496d3f6b2b178,c70797dc74f8ae514b1c16866d1af79fbb33c447b5904c4c09d7218e854f37b4,QmPUh9ubnASH3Lx558uXWhZJ3DmjCrhzGykbeTt3ykULpm
73,c70797dc74f8ae514b1c16866d1af79fbb33c447b5904c4c09d7218e854f37b4,51a3b2e6ac85534ff9d46b89775540ec3a133513d1e9674841ffb2961d90ebaa,QmbZqnaZYF3pyFoDw7ipsyKok8evMxiUoPrWpKdrMHHsWX
74,51a3b2e6ac85534ff9d46b89775540ec3a133513d1e9674841ffb2961d90ebaa,24ba02d1c075aa7bf7746dbf4791e06d06e5848c37083c376986ffe0489d7a6f,QmUqzmHEJKHzNN5KjqXBnMMLHanMPy5ATJ7Svg65DThq9Y
75,24ba02d1c075aa7bf7746dbf4791e06d06e5848c37083c376986ffe0489d7a6f,abea9e3478a7346d6c4d9ffd7e571dc04b869210a1005172600298af2fd416d5,QmdHTSMtrvf3eVmhvh7Kaz8bdNLd1rBrbuuPZqhDffupkk
76,abea9e3478a7346d6c4d9ffd7e571dc04b869210a1005172600298af2fd416d5,bef3e510d39951455679eb4532d09105cc002f03c58f3fe73d9271e7dce9a0b7,QmaLFRDsy9wQiSaBmU64dwoXMvBeHSmArsB32HDuvzXVMt
77,bef3e510d39951455679eb4532d09105cc002f03c58f3fe73d9271e7dce9a0b7,ff59c6e6368649a53220681d0af1091fc8a4e34d763c1d09717638bc0df59b8c,QmbNj6NHvc7YZRh2GcPTsoGsXUtBHLjogkhoqzSw2vB2n7
78,ff59c6e6368649a53220681d0af1091fc8a4e34d763c1d09717638bc0df59b8c,aff183064eb2116116500a82afe9f25158e1e564393dd158877e0304010d806e,QmNvtKDvK1qKsMy4ZYr8eGaqmdxvUtHuF4CP8CDSHRYdtF
79,aff183064eb2116116500a82afe9f25158e1e564393dd158877e0304010d806e,af6656f2916b9d5ab14480028c6a7db22eedd0d7f83b4e76380fc92c0bc37c0a,QmR5dcCPVbQawHMLauB9N497QVMQgEKe3Ri9mEwQRYxAvA
80,af6656f2916b9d5ab14480028c6a7db22eedd0d7f83b4e76380fc92c0bc37c0a,cb259f74bd5e7d45490f1e4d925ffa36cc6cee3e6d856126ad07ef31e7e003bb,QmeSYXTeb76x4Pzs4hshiAu3oYAhVit5qgZUVSEr8cBfmx
81,cb259f74bd5e7d45490f1e4d925ffa36cc6cee3e6d856126ad07ef31e7e003bb,8ddefa34836fef1005373059f0d1008c3a656462ddc31eab63796ec4dab014c0,QmagMZNn3vCKmdhnNGYhQiPJPVTcEQUQygQSasVMBWwd8W
82,8ddefa34836fef1005373059f0d1008c3a656462ddc31eab63796ec4dab014c0,9dfc16cc9388d46171f0ac9a7a92a7c8101f7f69b51d4827a1bba948135707c2,QmcAySmAMZXeQq1aqZZ6oE6xVrbxhYtNbQ7kaZYKfcpdvt
83,9dfc16cc9388d46171f0ac9a7a92a7c8101f7f69b51d4827a1bba948135707c2,5adb0a4b27d8ee67945ea2119035e7cbd61430c0e6d9869945258308a4c44b86,Qmea1BcvYJGnKkj2LTnZtxLUh9mVbWrppN8AZkPh28UVvL
84,5adb0a4b27d8ee67945ea2119035e7cbd61430c0e6d9869945258308a4c44b86,8ce9549cd08896cd22bfb77fec311daa31bd7987a9cba831b94019742a6ac682,QmThqWLNWPaEC3Pzhf4GZS9dCmh8jJwTQchf2McTo5SbtQ
85,8ce9549cd08896cd22bfb77fec311daa31bd7987a9cba831b94019742a6ac682,b1a8243cf88099295c82e1bb8569f8a4824b540855ab17f7c33e47df5c90c738,QmeGQz2i8yFa1L2rxfwz9jqTSczCr62gk9cr8UhJUNcWm1
86,b1a8243cf88099295c82e1bb8569f8a4824b540855ab17f7c33e47df5c90c738,a6c15338495824b161490fcd09e0126339be2ba287392313524e1279d25a3489,QmcBTazaddbn1SYV1kDBEqtsrkmJjoKLGzdnFF6qANafxD
87,a6c15338495824b161490fcd09e0126339be2ba287392313524e1279d25a3489,fd584de6a4a91a737d5cf1b2ab9d610f8433167d442b5efb4df908b5e0c88a58,QmVZ5N4MQEDdyGFaDu67BxRLeLxUbWgApp4ZC4n7qooyPo
88,fd584de6a4a91a737d5cf1b2ab9d610f8433167d442b5efb4df908b5e0c88a58,25ca0f76baefbb12a75fc4fc50d903440dc0a791639e0dbd6081999e405d6c97,QmUoY7KsgLDqYY8vtAfsaYmw3Lfxz14cs78ihrhnQSwxKJ
89,25ca0f76baefbb12a75fc4fc50d903440dc0a791639e0dbd6081999e405d6c97,fdcdee57fd004d93832e0df781ec76dd14dc46ebd918062c8e59a77f9f51696c,QmfPwMSPqt2RkxTtwSHNMseRPt3cqP1D17zwyiwLcWunFQ
90,fdcdee57fd004d93832e0df781ec76dd14dc46ebd918062c8e59a77f9f51696c,fedc48c60468ce136c800ae293c432382e1b11364cc7cae298c25fab6cec1bc6,QmcQpJa8peYuSYnGPSfvWnH8xR5chWKp6myR2tNn3cqAC9
91,fedc48c60468ce136c800ae293c432382e1b11364cc7cae298c25fab6cec1bc6,7be31cea96500e171a3b1fde9e54b941bada033a80720c5dd8a32473b898e3c3,QmQQofjTNHk5mQs83gEFCkGVNut82kPnGAUZk4aSoos61U
92,7be31cea96500e171a3b1fde9e54b941bada033a80720c5dd8a32473b898e3c3,579a6cd69532c74d7e313cbde347cfd2225e11e0bd3615606ddb553e5370d566,QmYEGRP2uoHLPYCq1WdVUCB9YF48zexUWW8SrPHZs4cpu5
93,579a6cd69532c74d7e313cbde347cfd2225e11e0bd3615606ddb553e5370d566,177ccd4979945aa7ff545262d3cb002678394e46e6184eb90a5977ba7ece6d5c,QmTurYtfb5ypwH6TBbs1mJ7Vgvcz6t5Z1ZHogUcWUayUtn
94,177ccd4979945aa7ff545262d3cb002678394e46e6184eb90a5977ba7ece6d5c,13e9e402ecff1e67970350a2120b193624f7bb1158eeb69ab8377ba7f460ab07,QmeNjQYa5nSQbsgPgvD6ag2HJ2FC9pz6rfHjrow62iPx9Y
95,13e9e402ecff1e67970350a2120b193624f7bb1158eeb69ab8377ba7f460ab07,ed889ab09e642680f42bcce99941ec77c08820032c3474e30d9ffe9a3760d777,QmVm7MJgciNyqFdi3TXxw9Z3ZA8HqCcwVHHFGhyUkeHBcC
96,ed889ab09e642680f42bcce99941ec77c08820032c3474e30d9ffe9a3760d777,7eede541e640c1819927a445690b07c2f7203cbbd6a2eba3f2cffbd8678bfe17,QmZugbJpRT8dDroBYnWFKsvMfxLDw52sbwYtDiDWTdo7Bc
97,7eede541e640c1819927a445690b07c2f7203cbbd6a2eba3f2cffbd8678bfe17,016c2e6957ddda70cf8788dcb00e9a69c49ecdb9925d5354bfa927afcc4bb7ff,QmQAYyrnrF2av2PL6p4NHo1AbESW8eRajRx9DALo3jgD2V
98,016c2e6957ddda70cf8788dcb00e9a69c49ecdb9925d5354bfa927afcc4bb7ff,7db4af7dfa9ae497a5804867148692106c7a0ea4cd3e8b1270860f0699a2cd49,QmTGqJe9JeebLPkmqHR1YtoAPmZKzWv2Bw7VFoN5kkDsSw
99,7db4af7dfa9ae497a5804867148692106c7a0ea4cd3e8b1270860f0699a2cd49,6ab236dab3b9c80d60e02c88f791a17e7831faa9b9350f21049b33eb49cb03dc,QmaaA3eWGqeTsu9W6wwGMzstbmGhug3rVpEteowCwukUeJ
100,6ab236dab3b9c80d60e02c88f791a17e7831faa9b9350f21049b33eb49cb03dc,3dfad299698158dfbb1715f3f14a96a113d148ca5ff7d31f5a83386b3e7ac6af,Qmb8eLWeH6o2QEw2KaM9vu8aPmbzdRqFvVhmjVEj9dAhs4
101,3dfad299698158dfbb1715f3f14a96a113d148ca5ff7d31f5a83386b3e7ac6af,2191004233ff0271c1b13b57f96ef99d7c6a740969298b9586f2202090b60229,Qmd1mkYJ4a4v3gG1BNfgVkirrfy9bhtkLFWg61vieRi5tQ
102,2191004233ff0271c1b13b57f96ef99d7c6a740969298b9586f2202090b60229,a7536ea8e16510da152c87e13287a8b3afbd01403fa6b412a9d50c8bdbe8294e,Qma3AC14WiF3pkzJS3rubUaTFtS2TF96BukzcbQaYHkaL5
103,a7536ea8e16510da152c87e13287a8b3afbd01403fa6b412a9d50c8bdbe8294e,07de68195de7f0288eb77884f44423a538e61736e47dc5ad30158a5b5d7f0bbd,QmYEWJidUXN3rHJyfAwAxJW4a1EuboxwmSrgexLQ9FARL6
104,07de68195de7f0288eb77884f44423a538e61736e47dc5ad30158a5b5d7f0bbd,e3a5d962a2098d8e7957ab33f99f9360082ca0c8ffdf0ba0d4e86d586039756c,QmUYcAvfLMYovMV2VKz3sQW4xvX96cPE4MTs548bWahtPZ
105,e3a5d962a2098d8e7957ab33f99f9360082ca0c8ffdf0ba0d4e86d586039756c,664015a8cdbe2e0b8dfb1607b197a7eb02c656f4885f6b57ca902703a0b57b69,QmfGiV8Hn6owMsDvhWxrP6Ro89eQVFNJj4dJ6pdJNrkKmJ
106,664015a8cdbe2e0b8dfb1607b197a7eb02c656f4885f6b57ca902703a0b57b69,e1e573350fc48de060f64ac80c0046b51294cf25d989664b22e7bdee0c0a6801,QmZsHGjaHj93oNDeR6VKxMHhzRJRLHTZkVRBxoqRFyHhBM
107,e1e573350fc48de060f64ac80c0046b51294cf25d989664b22e7bdee0c0a6801,6b992952e3e5475060ad68e319020442f449a9ccdad260db48f002386d853013,QmZyY73H2xcSrXuZnxLcLoY1wsVt6T7YPmNJAdAZ3PqoQE
108,6b992952e3e5475060ad68e319020442f449a9ccdad260db48f002386d853013,4893afac8a9f7fa554ecf483eef9389c89b942e19aee8ec4a605dd864de9f493,QmbTtjanCy3sfomAu3mmyiKTpbgyFazTpC49AL4gkn31Jy
109,4893afac8a9f7fa554ecf483eef9389c89b942e19aee8ec4a605dd864de9f493,7b380fba2d304c0f1b1bb008978806021c359041f7356383b689099997869cf6,Qmd9y1cSsLWPKLkqE3tnBJve9T2LhYMzUgYz3WZRSCXpU7
110,7b380fba2d304c0f1b1bb008978806021c359041f7356383b689099997869cf6,5eda39a3fbc1446172e8750aa8c3e16b3ce2515de8bb2fafdc15f2fdd5dded98,QmUiKxy2ND3czkSLKitA5ERU9NUEFVAwsEZKYDqTK1T1ok
111,5eda39a3fbc1446172e8750aa8c3e16b3ce2515de8bb2fafdc15f2fdd5dded98,b976782f369641761a0af88228b29aef54c1561232def2e95bfc9253a8f4c3e5,QmctQ7po6GciLmKZYJNZxW2M4g6qZkFcb6G1SEMVeKjJvE
112,b976782f369641761a0af88228b29aef54c1561232def2e95bfc9253a8f4c3e5,e91bc37aa1f8efc02265ab852bae19a0b6b1c0c01a10c5b86789f0e0f94d28bf,QmPCu31SGTLLYLADPyzGXsAjuqkeYxHHX657idvJSAPd4C
113,e91bc37aa1f8efc02265ab852bae19a0b6b1c0c01a10c5b86789f0e0f94d28bf,b0cabe33b68e4a7ca34a3c97b971dacc91170317b74c1fea0df5bf65d050e02b,QmYFG983aWWpbfsCoqnRa2tdvfoGPnkKSPr8ppooKVrndD
114,b0cabe33b68e4a7ca34a3c97b971dacc91170317b74c1fea0df5bf65d050e02b,bdd62ac0e43aa31cc402278081b5d24fc52412661a1791aa053beab786a47560,QmeSd13wukwde2t17Qpb9Jvy5TTLp4ZMc6wFDJ93TC86Rq
115,bdd62ac0e43aa31cc402278081b5d24fc52412661a1791aa053beab786a47560,f9c36b38ac7c59be267d4a520303f720d0a12de8de98e96d7e2424fee6685bd9,Qmc1poNx4Wxe11qh6FoE16E2RyA4gx3ZGm1khwy7X9AhCg
116,f9c36b38ac7c59be267d4a520303f720d0a12de8de98e96d7e2424fee6685bd9,437fd6cfea0a2b4234f1b1045f7159369dfda54c644b483fad9f9e382fc405d8,QmdxdFQM2jiGCGfg4sBAFMz4KjskiaixuVthKhyXZcCjqD
117,437fd6cfea0a2b4234f1b1045f7159369dfda54c644b483fad9f9e382fc405d8,73b2339fcd21d3319d4ce2726ee71667c3605e56b07cce554d11e09841817205,QmNP5LZ1N7PvEeWNesH1BWDiDsASn3EF7UZggeP3qjJBHo
118,73b2339fcd21d3319d4ce2726ee71667c3605e56b07cce554d11e09841817205,826dd6928d05d3cedbe4cc090b790e099dd8989c68a01ebc2473e1be5ab7be65,QmdEjmnWBTgiDuAnJS5wdwc2Nmzt5EVqKB4gwXzkhQpSNV
119,826dd6928d05d3cedbe4cc090b790e099dd8989c68a01ebc2473e1be5ab7be65,ed35ac692b4b60c4666022938f7a14485f7363499843884f086d73e1f598b4ca,QmbQY9u67ufgXiuCm6JQgTZJquVoPhNWXWHgGzDW78756C
120,ed35ac692b4b60c4666022938f7a14485f7363499843884f086d73e1f598b4ca,68a2af4a69a01453ffc6365b8345d375625d0a5f510793d11670b1f173ec820d,QmaaKd5aH53hdf4T1Tih8vowzmfGzTxmGRZTHS7D5kkJa3
121,68a2af4a69a01453ffc6365b8345d375625d0a5f510793d11670b1f173ec820d,2b9474232d915cd96564bd6f3271e93361405bd594ec00fab63f8c21f08255a0,QmRDrsHfMuSjCZqeq55aY8CUufi4oktN2RtjMphudCcYty
122,2b9474232d915cd96564bd6f3271e93361405bd594ec00fab63f8c21f08255a0,6cce4bf74ee2f7ca567adeb2277ddffaab451c290293faa64c17f0ce204bd12d,QmcqUaDhJnji8St7Eos8bDHURnHZC5cup54AiJ4s7Ncmz1
123,6cce4bf74ee2f7ca567adeb2277ddffaab451c290293faa64c17f0ce204bd12d,b9043b2d6a441888637ec175d14057404a27a9119e4f8b9a18fffa77bfdda515,QmZoHNFiJbPfnV12xNTfAiCfz5mjcmWb72fGG2fC79kHwL
124,b9043b2d6a441888637ec175d14057404a27a9119e4f8b9a18fffa77bfdda515,d22d2e70e9af0b4721a44704a9da36d65b7cdbb27afde25c44f9f371711e818a,QmRbiPhHX6AhkwFhZunCfQkgLz6yCFZHah6y7pQFRgfNZ6
125,d22d2e70e9af0b4721a44704a9da36d65b7cdbb27afde25c44f9f371711e818a,fc5f8d1af526cadaf114003f49742a003a0adfad99ce3edac977e04d9a82ef57,QmQYDTZGTovCREqprgehjLpPD4LZuJsbVsmKMF6qj3ZHNC
126,fc5f8d1af526cadaf114003f49742a003a0adfad99ce3edac977e04d9a82ef57,da935d5f7b68691951caa8abc36c61b355f42cbd8ec959cf57f3bfa153f308a2,QmVWmdxsPwR6wL2XmFxLQYk3VwKQZ9qwhzBuPrsguSstN2
127,da935d5f7b68691951caa8abc36c61b355f42cbd8ec959cf57f3bfa153f308a2,94dacef336aa2f6f027d84b06c51fecf54f68333ac8094f2cc2a0c4f459a9fe2,QmcDQhmKvDvYrhuALDn7ix7jvqTabirZ2p4sZgcQjm3fUv
128,94dacef336aa2f6f027d84b06c51fecf54f68333ac8094f2cc2a0c4f459a9fe2,2d557e50c45ab62c48fc08bfe48a0b7788180768e5b159c1c6abaded22960d94,QmWNzQ3wWYYRqDznJwjqJKWGJHX1WvhnFuhoavS87uduXx
129,2d557e50c45ab62c48fc08bfe48a0b7788180768e5b159c1c6abaded22960d94,2884308902d7556b16f484cb10a92fc4bb813268e97d7be72f2d2dcf398a4da3,QmPWpbDWXWCc58FxYKfgqLq3QKBL28jNomaX4MAk62AQFQ
130,2884308902d7556b16f484cb10a92fc4bb813268e97d7be72f2d2dcf398a4da3,a5d4b3ceba02fdfd3850477307df8d07b49e2d3ff3d9653644f810e74a186888,QmSBxNFdmxciGX7W8L6baNZ2kGc8K7ZdxgvXkHkNTRCip2
131,a5d4b3ceba02fdfd3850477307df8d07b49e2d3ff3d9653644f810e74a186888,756ec10bde13e70d80bb5777252bb71d185546a68e4332ab648964795079090f,QmYs6chPvXePdp1LzArVMAGwWqmyYHKJxMGquT6CXkRZjd
132,756ec10bde13e70d80bb5777252bb71d185546a68e4332ab648964795079090f,7b624cf47a5040d2194640d5f10be3abdebeba2479c9200182a912315a82ca07,QmV4dqeGtxFkqRUgdTedqy8xp4CadB6Xya6txZSvCzFpCo
133,7b624cf47a5040d2194640d5f10be3abdebeba2479c9200182a912315a82ca07,b327a4a02df1ff0fef8173b70614844e82b7a7c2abfbbbc31ee7ff76a594ec60,QmfWXE2Mib4AJiuJteCw2YjP8B4Sroj2RAymZAkd8vnXe3
134,b327a4a02df1ff0fef8173b70614844e82b7a7c2abfbbbc31ee7ff76a594ec60,a943f5e8451a97bc8fab0c46a81b6e7df28bc07633df436e11c87cd5fe3254c2,QmWsWMWZGY88QGjkBKh8iWpNrbQvD8PfMmWUCTmDHCsySo
135,a943f5e8451a97bc8fab0c46a81b6e7df28bc07633df436e11c87cd5fe3254c2,2c3a4679740e6868269351f887d3f7fa54f146db8807bc2f299c3f81dd08e106,QmSZ4BWNCWkSNxkTjzNb9m3suWfdc9LLDyHYwYmgEXjVki
136,2c3a4679740e6868269351f887d3f7fa54f146db8807bc2f299c3f81dd08e106,dde724cacadda74dff3dd4e125e14bdc65e28cd1058bc9f6af477b7be904eaee,Qmc5owyGT2skyGy41P5yAqRWRtM3LtWve16nUKivF7tBFU
137,dde724cacadda74dff3dd4e125e14bdc65e28cd1058bc9f6af477b7be904eaee,6d1154ea3b1be6c5f56968d0cbfe1a2d51d9d5d04a812ee8344d698bea3e5ebb,QmdhZxAt5W39Pd8BJypTLYWKT9hrUriSaGNfXnQwp2uvBX
138,6d1154ea3b1be6c5f56968d0cbfe1a2d51d9d5d04a812ee8344d698bea3e5ebb,2e06906fbc378273499472cb28d1642d9b4ed6e02c5101e0d658ca2b5819ea2b,Qmd7GsLeQfEquurFX5HS3HSe1heTBtuKGr5JGSZwBAUeRM
139,2e06906fbc378273499472cb28d1642d9b4ed6e02c5101e0d658ca2b5819ea2b,291f0d1d97bac34cf94189cafa3deec57170e07d490dace39cc0093cf9e79dd9,QmNcfgDEs6e99QmAMFtTbXidyZvMBHKFdxFSx1YNX3Ta2S
140,291f0d1d97bac34cf94189cafa3deec57170e07d490dace39cc0093cf9e79dd9,5ba35c4fa3be29f17f463e12b4c5a3c1cba8e9bec6b2c39ce11f1561718fe748,QmbvVrxFJo2rHRwAFm2QedYLZkGnQapkLaxLoxQvsjGJjU
141,5ba35c4fa3be29f17f463e12b4c5a3c1cba8e9bec6b2c39ce11f1561718fe748,959913c2a68ffb8ecf0974e69505e2e9cc2f45ebeca989aadb2f4bedcbfe96f5,QmQ19rnLPvjzAiHNB7Fg6882Uf9Hstr1QBTQeNTanUcAFC
142,959913c2a68ffb8ecf0974e69505e2e9cc2f45ebeca989aadb2f4bedcbfe96f5,ee6047fc6dd4de95f7fa21d8bdee50511cc5eed7f67d5dde62171f30778de2b9,QmPT53vkktsN5U29pyU7YFgxaLwA58UKSLpdiSKLbQduvn
143,ee6047fc6dd4de95f7fa21d8bdee50511cc5eed7f67d5dde62171f30778de2b9,515d03a5405720d3232b3283d4f9a1ba02a91ae3d79e0660d73d3b4a0a144293,Qmek2w2zujCHuT6PmZPXjSwBk96zxiN4bdLbsPjpf2Ucvt
144,515d03a5405720d3232b3283d4f9a1ba02a91ae3d79e0660d73d3b4a0a144293,f873e5e93b46694caa609475ae78fb6b65d4d615a2dc5b18f6ae8bba6c03f435,QmVhDTYLzYdzPuzUFi81bHQNYpQoBm3KJ6g9sXrnvmDfL2
145,f873e5e93b46694caa609475ae78fb6b65d4d615a2dc5b18f6ae8bba6c03f435,107c00bcb12e78d924e23a7051ca5539c61ac963dd3def101114e0f637faac1e,QmUZLEB4XrrosVJsFTYeiDMt5ECmt87qGY2J6QsGwzpDEA
146,107c00bcb12e78d924e23a7051ca5539c61ac963dd3def101114e0f637faac1e,592b54df20f7df62197d93a7b9de785fbb7ca5fb78c419c88ccb10cc111bd1e6,QmarRF6VrcbMAE6Aqoxdby2XkcHqsufXodKW2xNew2zGpv
147,592b54df20f7df62197d93a7b9de785fbb7ca5fb78c419c88ccb10cc111bd1e6,32ef6fe9aad509bb14a3f25720f831e2acead47f75ad3107c0d5cda8942ba7c8,QmYJMhKPdPZz3HFbwAWamBdT69ycMMkDwhxrzqxcmF3qp6
148,32ef6fe9aad509bb14a3f25720f831e2acead47f75ad3107c0d5cda8942ba7c8,a97c2ad15fb728b02065690dd0d941ae0b579592eab6305e24d7ae3932691b92,QmTeqS1L3Rp5T4RdaNKT6QAMMrSQ1XaHNYTtCpKHwgLcfX
149,a97c2ad15fb728b02065690dd0d941ae0b579592eab6305e24d7ae3932691b92,7c9d73e7610fef86c7cd19c3e457f96df26df2257d075cd75b2d49caf23af1e7,QmcpGaLjRx3LREayop3hijqjswhLvuFQNn6VQN37BktSDd
150,7c9d73e7610fef86c7cd19c3e457f96df26df2257d075cd75b2d49caf23af1e7,53b719bdc6bdb56481e587aee2f6bc4f909114f4e37da8a279aedfbe6f1083c9,QmSUoW68LN4ps9qZUSSYJMy1pX3YGUXXDBZr5Qc6p5JuqF
151,53b719bdc6bdb56481e587aee2f6bc4f909114f4e37da8a279aedfbe6f1083c9,d3a5cf9964aae4a03baa02d91abb043a73f0e547e2bd3dd7ea3db9b1b32c0936,Qme37gzwGhUDmBKJzfGGke5FzD5KcAWhEV4A5NBN9Xiv8D
152,d3a5cf9964aae4a03baa02d91abb043a73f0e547e2bd3dd7ea3db9b1b32c0936,4b2a7dcc5c1e7f8d026bae781302221dcd8b49fd719afaa19e38e17e7e06d9a1,QmeQ6dJoMbns7ksQj4s4jnJB4NNhYE5AAjTGKrZrUFMVW4
153,4b2a7dcc5c1e7f8d026bae781302221dcd8b49fd719afaa19e38e17e7e06d9a1,8a32f8debaa240f20fb3283a20f25cf63dba8ce0fcb0930ae4152e6af2a78270,QmPH71pfsC9funcThcTArYm6xxVU8iVvwvDkzb2kxuiT6N
154,8a32f8debaa240f20fb3283a20f25cf63dba8ce0fcb0930ae4152e6af2a78270,1a895b8b467bb1fda83a60362261f874284844fa0985e26a6a7c4ffb33611766,QmSDfjBd5VuDqcLNB9RZd93Hdcs29L5uvPBrYnAfhjY4ck
155,1a895b8b467bb1fda83a60362261f874284844fa0985e26a6a7c4ffb33611766,68ea67e516de5c926f57e3af24a91fc32ce91bcd2af433d2f0d31eb20e2cb919,QmU2bMtnLy3AhQ2jVTKgkP4HsHzVjCKnMZJiG6GpDkqpNQ
156,68ea67e516de5c926f57e3af24a91fc32ce91bcd2af433d2f0d31eb20e2cb919,134ff240bc2274da05c6859ba2489f8759f8d756ed817d916f09f15e1d053650,QmP3AAagDmd5cr9bnaR78me2Fg7cYtFojCwmuK6ZUdPoLu
157,134ff240bc2274da05c6859ba2489f8759f8d756ed817d916f09f15e1d053650,983480f79cca405e956d703fc55b565b80d0013766d334afef56d3abdcce31d1,QmTnLjMEfvAzbsPnxcYsbkgB3cVfVW3L4v2oBULpmRFg5Q
158,983480f79cca405e956d703fc55b565b80d0013766d334afef56d3abdcce31d1,af0935b18adebb61ddfae5a323a1f5dc2d9aa3e02b0822cd2a9e83fb0dca6e22,QmUspb3SN3RrfBxf6FYumkcnEMwFfmLG44L1xDicM1xTyY
159,af0935b18adebb61ddfae5a323a1f5dc2d9aa3e02b0822cd2a9e83fb0dca6e22,eedce86bf4a71b81127ebafbd25e1ae51fee5a8a84a680e2e0dfeb741ce30ead,QmPtX3UBhfFPHYwHhxgSFiiFMNTYsQZ7myrh3n2cAe9GvM
160,eedce86bf4a71b81127ebafbd25e1ae51fee5a8a84a680e2e0dfeb741ce30ead,28e4b770aaf0e058bb633f0dfd10910ab6e4d8fba80b0287e2ef402ec9fdb569,QmRcjKrNvXCxeAyP8H127Y5ZfL4oTxWjNK81ZAV3QFZsTf
161,28e4b770aaf0e058bb633f0dfd10910ab6e4d8fba80b0287e2ef402ec9fdb569,c1ceaf335fbfb0b66dc3201ed6b89595324078e8f320f1ff97828edde7eae0d1,Qmb7DK1cKcGuGn59bvthZgY2PqRY78w2UFqPbUx8n2mbiM
162,c1ceaf335fbfb0b66dc3201ed6b89595324078e8f320f1ff97828edde7eae0d1,389f7b81dd66a8c57702eb7a8da521e326c57180cc380c9e44b5fdd60ffb7821,QmPX6DAeDtCaLbpUMcHR8sGcjRDMVb8gKYMNgn1WPTfnVV
163,389f7b81dd66a8c57702eb7a8da521e326c57180cc380c9e44b5fdd60ffb7821,4643412eac85bb4b37574d2f130ff131f3a42d4c9d490d5c13ea12a36f1c9de8,QmYLZMmT6RZe62hcv2YwB1WUWABTHu7Y9ZNdWTe555r56j
164,4643412eac85bb4b37574d2f130ff131f3a42d4c9d490d5c13ea12a36f1c9de8,95436e80ffe53731f180df54fcb40ebc0e8da4ea2f0020fd61f352382e4fc09a,QmPfDNum4QFG2tkHDeYFZinmH8FFkrPvSkUQy1D4cRFfeW
165,95436e80ffe53731f180df54fcb40ebc0e8da4ea2f0020fd61f352382e4fc09a,36d6d7f154b761692b80e763b24518eb235a31f89bd66a92da5a8c34ec98a771,QmZuAhHgqoGFu6ZgxdtK96atMLVFuqjYgCDMuGLAYHR9yj
166,36d6d7f154b761692b80e763b24518eb235a31f89bd66a92da5a8c34ec98a771,16a20a9af6f8b5d21e1e03f112e88420a52b27d4d85e2a13aa5383e0735a14fc,QmPavHM2TXftLaReqQEVcxqWb6jKR2uzEiy8bg3BVnjZqV
167,16a20a9af6f8b5d21e1e03f112e88420a52b27d4d85e2a13aa5383e0735a14fc,008a00f6a92fbc76cd232eead286512c29e77369e78aba2d0e057b33c87f2ceb,QmW6hUuRac6HvKyBMW2m7PdXfcxhZDPKBtygYCZ6VEsx1V
168,008a00f6a92fbc76cd232eead286512c29e77369e78aba2d0e057b33c87f2ceb,f019b27dc1705668c540a5bced0d4a0d482823f145510a7f3b9bc4e5d21957cd,Qmeu9nvozbdVwdj1sRR95i63Rus2FM7dUZ8o2jkPW7n9NX
169,f019b27dc1705668c540a5bced0d4a0d482823f145510a7f3b9bc4e5d21957cd,243a09079476ee79f77260397af68b1252444331827ab5ef0198bdff5e4739d3,QmcYLpkBNrk1qZzewRRor8Z5ViirgjJzVdjf4vUGMk8GhG
170,243a09079476ee79f77260397af68b1252444331827ab5ef0198bdff5e4739d3,3f4ada2a6a3381797ee621cf908b0e9bbe28868dc2166e985165e053e937c4c2,QmW95P7iFzUZnjVWXRZBXvHDQ7jLkq4TXnUbSwXNSZfutM
171,3f4ada2a6a3381797ee621cf908b0e9bbe28868dc2166e985165e053e937c4c2,0eb9679246b803d6574cc8fd3fd057b57237609786d7cf70f95cbb69665f2481,QmNRqpSsnDpMmKowXrhwUPMXMF8WjqAv3JF2qB7KQx3QqG
172,0eb9679246b803d6574cc8fd3fd057b57237609786d7cf70f95cbb69665f2481,f30f26ea291fb3879cc60ddad86b21028908f2f1ab2c8b7a81e3573c2997788b,QmS6gp6SyWZGB5Y9Ty9PzHraL8wnb6JxwQihYbSRVdjoy3
173,f30f26ea291fb3879cc60ddad86b21028908f2f1ab2c8b7a81e3573c2997788b,13a722e751c4b1ff5f48db2bab5f13e8e61a91e5464df6f8c33929a20183f22a,QmZegA9UpDpUm4rRvwyAcsZyFu89HPUtjiaEoKNzNtynrB
174,13a722e751c4b1ff5f48db2bab5f13e8e61a91e5464df6f8c33929a20183f22a,3eb35f89b3c12350bc1d1aef7e37454be1406751e54c7bda75b269a976e8742b,QmZDpLMfMr1F56vwcCqayVoVqyMhiX563ZgG9YLBHVSJJ6
175,3eb35f89b3c12350bc1d1aef7e37454be1406751e54c7bda75b269a976e8742b,b6ee1607a6106d710cbadc2d442dea598f0e143347a02e12a43ae24cdb3d0aa2,QmPCEURcsHeUZHxtvosqCML5y86uBmkW5TCD7mCmV5gPCU
176,b6ee1607a6106d710cbadc2d442dea598f0e143347a02e12a43ae24cdb3d0aa2,db2f1dbc66ce0ac25aabaea848075196dbc3f7b9ea7708433edd2526a21a38f1,QmPnAVGXBH5Q3Ti6GhGAzyoYxAx5Qzfox7rDiMjqGXzS1B
177,db2f1dbc66ce0ac25aabaea848075196dbc3f7b9ea7708433edd2526a21a38f1,811f96a914d85ac42146bdcb26be5bbb325c39c319b6f3a97eb6c98c0cbb9ced,Qmb4M4v5LFBNX59fmEySZgfu4Hdo5ApY7EHMyJdBS4jJYi
178,811f96a914d85ac42146bdcb26be5bbb325c39c319b6f3a97eb6c98c0cbb9ced,d5c16c9cf27cb0e85235386a72d1276089d746126e67983d1bb3a7958349f41a,QmWzZA76kgX4ubKGUmdXA3SKqxXhj4Xm9bqtpctrfjiwuj
179,d5c16c9cf27cb0e85235386a72d1276089d746126e67983d1bb3a7958349f41a,204279c9b76d0b5891c8295853eace8c54c0d83b2849b7366d7ca372e89c7c1d,QmXaEoGTctsZaQ2E45xwCzcfkmh4wGVYCiddqVqK4i6aua
180,204279c9b76d0b5891c8295853eace8c54c0d83b2849b7366d7ca372e89c7c1d,ba4bdc37c43550e6181d5c148cf9e4a200be0142bdb1af63018fd2b2a0f5c0e0,QmQFsCHX6bSxddsMFCLPJv1CEeiQvKES9abbrz3Fha2tan
181,ba4bdc37c43550e6181d5c148cf9e4a200be0142bdb1af63018fd2b2a0f5c0e0,42df127581ad9e0d2848a94ffbfedac77a145150dda01851b919993508f2661a,QmQk18CTXRoPKo3yeZANU2QLKyhgd5WBD3ekwvrTCB5nCQ
182,42df127581ad9e0d2848a94ffbfedac77a145150dda01851b919993508f2661a,1c6a2aa7716e24a82314ec2414ab4cc3748a01ff648ff797cd970c341217dbc0,Qmcj7TTXwf6Cd6QQjXU3V1UrV3n3JmtkdyYSUj3BRNrjbo
183,1c6a2aa7716e24a82314ec2414ab4cc3748a01ff648ff797cd970c341217dbc0,2b9f91fa0edf475a260f5f5a1f7522f6ef521073ee1bf9f47a7930e879b74b9c,QmSwEm31Vah2matv77W3rZNJxmxNuwav44ZhR2TUqh1PJj
184,2b9f91fa0edf475a260f5f5a1f7522f6ef521073ee1bf9f47a7930e879b74b9c,289e0b8d9e2909e6baa76ca3bd9548c1b3d80bb7e210b0215d5b690340976972,QmbaC4h8JmEMHERv4RJrvQkuR8ieJpU8BQyLqyDVTTy62F
185,289e0b8d9e2909e6baa76ca3bd9548c1b3d80bb7e210b0215d5b690340976972,4f469d0a16fa58a7339da041bfed57206f9b7c1f2adcdd5ad171f93d90a9fb52,QmcWVNyZuo1wH4SGirYirTVecuBgDZ1vrsc7ugajm7ZvPc
186,4f469d0a16fa58a7339da041bfed57206f9b7c1f2adcdd5ad171f93d90a9fb52,5dcab068817d41ededc7414090ff3c0aa585b04454710dc37ed84ab6819ae802,QmfBhigHZwh6PvwA8certGUzPtJ4FxJiisMj2o6di6aTTg
187,5dcab068817d41ededc7414090ff3c0aa585b04454710dc37ed84ab6819ae802,36f6f281f9035910ae7b16fb5545c4af491e73b646602f52002f9e6aca705319,QmbicwEYNKzgNmPWSLs2EZZFre1oX7qYBZFaZ3PXLVk1Dr
188,36f6f281f9035910ae7b16fb5545c4af491e73b646602f52002f9e6aca705319,6fc358803d3435ee44fed12c7f41a2ea59a8b0fae4fc7af8e9afd838bd0b230b,QmaFwQshroHnUqZFMMEhtdgmGkfBgGDhzHYVEvxbHoqrWY
189,6fc358803d3435ee44fed12c7f41a2ea59a8b0fae4fc7af8e9afd838bd0b230b,770ce5efcbfdbe4378a819e0b5d9843ea126b54a7f960edc8b2e4fffe86b5b9c,QmQiznK4fFhRo7BtH6ww3AtzATHT83RufphmRqcVYjnJAM
190,770ce5efcbfdbe4378a819e0b5d9843ea126b54a7f960edc8b2e4fffe86b5b9c,2b1b41219b219887916024d2719b79e713812e9b5a50ec4c5c17f99c7d58493b,QmQWPtF4iqV2jWheYAwraKbhUTCYRGVsDNYnmNKeCoGUJd
191,2b1b41219b219887916024d2719b79e713812e9b5a50ec4c5c17f99c7d58493b,173576e2c144768be7197ab40174cfb6368ce0228d908a6fcc2aceba66815803,QmdkHRXoYxzmWGgCWt3FXd1FXESoS4uDuwHAJa414oKQ6Y
192,173576e2c144768be7197ab40174cfb6368ce0228d908a6fcc2aceba66815803,832e5b2be555b6e2d4fcb751d69fdd23b9af3c939dcdb441d53cc44af4718897,QmcRDUTvjZWg2KcLGD73zauQtKABxwmWTcT2FWsVp5YcqZ
193,832e5b2be555b6e2d4fcb751d69fdd23b9af3c939dcdb441d53cc44af4718897,23dd993f15f7f6c766fb9cb278f948675a8c19f6df75a1017d557dcd85506102,QmVFbzUzevPqTYUdgFCynH7mJtYz3cw1VjcpvBUE2AcuP5
194,23dd993f15f7f6c766fb9cb278f948675a8c19f6df75a1017d557dcd85506102,97160a70f624e4007004a31bdd7b5adf95dac5a474fd8316a19f52bb0fc1badc,QmRAfACu4FMvC6TgBoFF1XSWKQZiWFGeuD5zDrSH1cULLy
195,97160a70f624e4007004a31bdd7b5adf95dac5a474fd8316a19f52bb0fc1badc,6a3a5235719f68282f7623de6be67b3639c1d4d5f895e4dc678db1e88bff2c61,Qmedyd5LZ9EbFKfqVUnDcrZXGfWfqBMPeVMrB5eqphcrZJ
196,6a3a5235719f68282f7623de6be67b3639c1d4d5f895e4dc678db1e88bff2c61,281f1194535f6daa78a81828b61a9decdc237240f6a02b28506be2196e161aff,QmTmEBESwDTyqmPVqsQ3T6UWvd7mXx4CrydMKQBVb9jDLT
197,281f1194535f6daa78a81828b61a9decdc237240f6a02b28506be2196e161aff,7858415d9a254b8c9ca2b4f0cba275e913d9acb51c69b1e81d6fb894b77c452a,QmfAycAmfEo2RcVdAYWr8enmWGcVSm8nETsc1WWPNAhSGf
198,7858415d9a254b8c9ca2b4f0cba275e913d9acb51c69b1e81d6fb894b77c452a,ab2ce94b0fb144c195675fecbddeea5528ec451ccda0f3856deed09fadde5924,QmbXtBM5H8qM3scgp8wqxRn6bBn9jLAsoe56XQKx8uUiqx
199,ab2ce94b0fb144c195675fecbddeea5528ec451ccda0f3856deed09fadde5924,8ecfdd11e95f39e4e2c0d3fdcbbddc11dc8b39e34f8ecc0f5decb5990a2141ed,QmczUN1G83n3pHrWmXGAb5qgHrBXtBxMaLa2VyYdppGNN9
200,8ecfdd11e95f39e4e2c0d3fdcbbddc11dc8b39e34f8ecc0f5decb5990a2141ed,6650cc607b4151f705218bbea5d86376ae55bb3ce3b72c895883bf2f6810c9fa,QmS7H9GjAsEbfKvhz63fX7LmHtobcNoGREKizRCBNa17vG
